ocean_proximity,median_house_value
1 HOUR AWAY,240084.28546409807
INLAND,124805.39200122119
ISLAND,380440.0
NEAR BAY,259212.31179039303
NEAR OCEAN,249433.97742663656
