ocean_proximity,median_income
<1H OCEAN,40000.230681917688266
INLAND,32089.963822317205
ISLAND,27444.200000000003
NEAR BAY,41728.84759825328
NEAR OCEAN,40057.848006019565
